zone_id,zone_name,receiver_count,case_key,season,rear_bearing_true_deg,scenario,metric,mean,median,p10,p90,min,max
1,ZONE_1,2406,AUTUMN_B325,AUTUMN,325.0,baseline,expected_open_sky_weighted_hours,6.6939941812136325,7.0,4.75,8.0,2.25,8.0
1,ZONE_1,2406,AUTUMN_B325,AUTUMN,325.0,baseline,deterministic_dappled_pattern_hours,6.6939941812136325,7.0,4.75,8.0,2.25,8.0
1,ZONE_1,2406,AUTUMN_B325,AUTUMN,325.0,likely,expected_open_sky_weighted_hours,6.672547797173732,7.0,4.75,8.0,2.25,8.0
1,ZONE_1,2406,AUTUMN_B325,AUTUMN,325.0,likely,deterministic_dappled_pattern_hours,6.673316708229426,7.0,4.75,8.0,2.25,8.0
1,ZONE_1,2406,AUTUMN_B325,AUTUMN,325.0,conservative,expected_open_sky_weighted_hours,6.068443474646716,6.3125,4.3125,7.3125,1.5625,7.3125
1,ZONE_1,2406,AUTUMN_B325,AUTUMN,325.0,conservative,deterministic_dappled_pattern_hours,6.0735660847880295,6.5,4.25,7.25,1.5,8.0
2,ZONE_2,288,AUTUMN_B325,AUTUMN,325.0,baseline,expected_open_sky_weighted_hours,6.836805555555555,7.0,6.0,7.5,5.5,7.75
2,ZONE_2,288,AUTUMN_B325,AUTUMN,325.0,baseline,deterministic_dappled_pattern_hours,6.836805555555555,7.0,6.0,7.5,5.5,7.75
2,ZONE_2,288,AUTUMN_B325,AUTUMN,325.0,likely,expected_open_sky_weighted_hours,6.836805555555555,7.0,6.0,7.5,5.5,7.75
2,ZONE_2,288,AUTUMN_B325,AUTUMN,325.0,likely,deterministic_dappled_pattern_hours,6.836805555555555,7.0,6.0,7.5,5.5,7.75
2,ZONE_2,288,AUTUMN_B325,AUTUMN,325.0,conservative,expected_open_sky_weighted_hours,6.1493055555555545,6.312499999999999,5.312499999999999,6.812499999999998,4.8125,7.062499999999999
2,ZONE_2,288,AUTUMN_B325,AUTUMN,325.0,conservative,deterministic_dappled_pattern_hours,6.125868055555555,6.25,5.25,7.0,4.75,7.5
3,ZONE_3,388,AUTUMN_B325,AUTUMN,325.0,baseline,expected_open_sky_weighted_hours,4.176546391752577,4.25,2.5,5.75,1.0,6.75
3,ZONE_3,388,AUTUMN_B325,AUTUMN,325.0,baseline,deterministic_dappled_pattern_hours,4.176546391752577,4.25,2.5,5.75,1.0,6.75
3,ZONE_3,388,AUTUMN_B325,AUTUMN,325.0,likely,expected_open_sky_weighted_hours,4.032731958762887,4.05,2.5,5.550000000000001,1.0,6.65
3,ZONE_3,388,AUTUMN_B325,AUTUMN,325.0,likely,deterministic_dappled_pattern_hours,4.03479381443299,4.0,2.5,5.5,1.0,6.75
3,ZONE_3,388,AUTUMN_B325,AUTUMN,325.0,conservative,expected_open_sky_weighted_hours,3.952094072164948,3.9749999999999996,2.5,5.475,1.0,6.0625
3,ZONE_3,388,AUTUMN_B325,AUTUMN,325.0,conservative,deterministic_dappled_pattern_hours,3.955541237113402,4.0,2.5,5.5,1.0,6.5
4,ZONE_4,632,AUTUMN_B325,AUTUMN,325.0,baseline,expected_open_sky_weighted_hours,2.2828322784810124,2.25,0.0,5.0,0.0,6.5
4,ZONE_4,632,AUTUMN_B325,AUTUMN,325.0,baseline,deterministic_dappled_pattern_hours,2.2828322784810124,2.25,0.0,5.0,0.0,6.5
4,ZONE_4,632,AUTUMN_B325,AUTUMN,325.0,likely,expected_open_sky_weighted_hours,2.2828322784810124,2.25,0.0,5.0,0.0,6.5
4,ZONE_4,632,AUTUMN_B325,AUTUMN,325.0,likely,deterministic_dappled_pattern_hours,2.2828322784810124,2.25,0.0,5.0,0.0,6.5
4,ZONE_4,632,AUTUMN_B325,AUTUMN,325.0,conservative,expected_open_sky_weighted_hours,1.91689082278481,1.8250000000000002,0.0,4.312499999999999,0.0,5.812499999999999
4,ZONE_4,632,AUTUMN_B325,AUTUMN,325.0,conservative,deterministic_dappled_pattern_hours,1.9113924050632911,1.75,0.0,4.25,0.0,6.5
5,ZONE_5,56,AUTUMN_B325,AUTUMN,325.0,baseline,expected_open_sky_weighted_hours,4.334821428571429,4.25,4.0,4.5,4.0,4.75
5,ZONE_5,56,AUTUMN_B325,AUTUMN,325.0,baseline,deterministic_dappled_pattern_hours,4.334821428571429,4.25,4.0,4.5,4.0,4.75
5,ZONE_5,56,AUTUMN_B325,AUTUMN,325.0,likely,expected_open_sky_weighted_hours,4.1258928571428575,4.15,3.9499999999999997,4.300000000000001,3.8,4.450000000000001
5,ZONE_5,56,AUTUMN_B325,AUTUMN,325.0,likely,deterministic_dappled_pattern_hours,4.116071428571429,4.0,3.75,4.5,3.75,4.5
5,ZONE_5,56,AUTUMN_B325,AUTUMN,325.0,conservative,expected_open_sky_weighted_hours,4.005357142857142,3.9875,3.7249999999999996,4.225,3.7249999999999996,4.225
5,ZONE_5,56,AUTUMN_B325,AUTUMN,325.0,conservative,deterministic_dappled_pattern_hours,4.013392857142857,4.0,3.75,4.25,3.5,4.5
6,ZONE_6,1025,AUTUMN_B325,AUTUMN,325.0,baseline,expected_open_sky_weighted_hours,6.154146341463415,6.75,3.75,7.75,2.5,8.0
6,ZONE_6,1025,AUTUMN_B325,AUTUMN,325.0,baseline,deterministic_dappled_pattern_hours,6.154146341463415,6.75,3.75,7.75,2.5,8.0
6,ZONE_6,1025,AUTUMN_B325,AUTUMN,325.0,likely,expected_open_sky_weighted_hours,6.1346341463414635,6.65,3.75,7.65,2.5,8.0
6,ZONE_6,1025,AUTUMN_B325,AUTUMN,325.0,likely,deterministic_dappled_pattern_hours,6.135853658536585,6.75,3.75,7.75,2.5,8.0
6,ZONE_6,1025,AUTUMN_B325,AUTUMN,325.0,conservative,expected_open_sky_weighted_hours,5.772634146341463,6.175,3.75,7.0625,2.5,7.3125
6,ZONE_6,1025,AUTUMN_B325,AUTUMN,325.0,conservative,deterministic_dappled_pattern_hours,5.775365853658537,6.0,3.75,7.0,2.5,7.75
7,ZONE_7,425,AUTUMN_B325,AUTUMN,325.0,baseline,expected_open_sky_weighted_hours,3.9723529411764704,4.75,0.0,6.5,0.0,7.0
7,ZONE_7,425,AUTUMN_B325,AUTUMN,325.0,baseline,deterministic_dappled_pattern_hours,3.9723529411764704,4.75,0.0,6.5,0.0,7.0
7,ZONE_7,425,AUTUMN_B325,AUTUMN,325.0,likely,expected_open_sky_weighted_hours,3.827882352941177,4.550000000000001,0.0,6.300000000000001,0.0,6.9
7,ZONE_7,425,AUTUMN_B325,AUTUMN,325.0,likely,deterministic_dappled_pattern_hours,3.827058823529412,4.5,0.0,6.5,0.0,7.0
7,ZONE_7,425,AUTUMN_B325,AUTUMN,325.0,conservative,expected_open_sky_weighted_hours,3.694941176470588,4.475,0.0,5.949999999999999,0.0,6.8625
7,ZONE_7,425,AUTUMN_B325,AUTUMN,325.0,conservative,deterministic_dappled_pattern_hours,3.692941176470588,4.5,0.0,6.0,0.0,6.75
1,ZONE_1,2406,AUTUMN_B330,AUTUMN,330.0,baseline,expected_open_sky_weighted_hours,6.601517040731505,7.0,4.75,7.75,2.0,7.75
1,ZONE_1,2406,AUTUMN_B330,AUTUMN,330.0,baseline,deterministic_dappled_pattern_hours,6.600789692435578,7.0,4.75,7.75,2.0,7.75
1,ZONE_1,2406,AUTUMN_B330,AUTUMN,330.0,likely,expected_open_sky_weighted_hours,6.583291770573566,7.0,4.75,7.75,2.0,7.75
1,ZONE_1,2406,AUTUMN_B330,AUTUMN,330.0,likely,deterministic_dappled_pattern_hours,6.58239817123857,7.0,4.75,7.75,2.0,7.75
1,ZONE_1,2406,AUTUMN_B330,AUTUMN,330.0,conservative,expected_open_sky_weighted_hours,5.707179966749792,6.012499999999999,4.2875,6.7875,1.0375,6.7875000000000005
1,ZONE_1,2406,AUTUMN_B330,AUTUMN,330.0,conservative,deterministic_dappled_pattern_hours,5.706151288445553,6.0,4.25,6.75,0.75,7.5
2,ZONE_2,288,AUTUMN_B330,AUTUMN,330.0,baseline,expected_open_sky_weighted_hours,6.662326388888889,6.75,5.75,7.5,5.0,7.5
2,ZONE_2,288,AUTUMN_B330,AUTUMN,330.0,baseline,deterministic_dappled_pattern_hours,6.662326388888889,6.75,5.75,7.5,5.0,7.5
2,ZONE_2,288,AUTUMN_B330,AUTUMN,330.0,likely,expected_open_sky_weighted_hours,6.662326388888889,6.75,5.75,7.5,5.0,7.5
2,ZONE_2,288,AUTUMN_B330,AUTUMN,330.0,likely,deterministic_dappled_pattern_hours,6.662326388888889,6.75,5.75,7.5,5.0,7.5
2,ZONE_2,288,AUTUMN_B330,AUTUMN,330.0,conservative,expected_open_sky_weighted_hours,5.699826388888889,5.7875,4.7875,6.5375,4.0375000000000005,6.5375
2,ZONE_2,288,AUTUMN_B330,AUTUMN,330.0,conservative,deterministic_dappled_pattern_hours,5.683159722222222,5.75,4.75,6.5,3.75,7.25
3,ZONE_3,388,AUTUMN_B330,AUTUMN,330.0,baseline,expected_open_sky_weighted_hours,4.246134020618556,4.375,2.75,5.875,1.0,6.625
3,ZONE_3,388,AUTUMN_B330,AUTUMN,330.0,baseline,deterministic_dappled_pattern_hours,4.239690721649485,4.25,2.75,5.75,1.0,6.75
3,ZONE_3,388,AUTUMN_B330,AUTUMN,330.0,likely,expected_open_sky_weighted_hours,4.13208762886598,4.2,2.75,5.700000000000001,1.0,6.550000000000001
3,ZONE_3,388,AUTUMN_B330,AUTUMN,330.0,likely,deterministic_dappled_pattern_hours,4.128221649484536,4.25,2.75,5.75,1.0,6.5
3,ZONE_3,388,AUTUMN_B330,AUTUMN,330.0,conservative,expected_open_sky_weighted_hours,3.868073453608247,3.8374999999999995,2.75,5.3374999999999995,1.0,5.7875
3,ZONE_3,388,AUTUMN_B330,AUTUMN,330.0,conservative,deterministic_dappled_pattern_hours,3.8582474226804124,3.75,2.75,5.25,1.0,6.0
4,ZONE_4,632,AUTUMN_B330,AUTUMN,330.0,baseline,expected_open_sky_weighted_hours,2.0304588607594938,1.75,0.0,4.75,0.0,6.5
4,ZONE_4,632,AUTUMN_B330,AUTUMN,330.0,baseline,deterministic_dappled_pattern_hours,2.0304588607594938,1.75,0.0,4.75,0.0,6.5
4,ZONE_4,632,AUTUMN_B330,AUTUMN,330.0,likely,expected_open_sky_weighted_hours,2.0304588607594938,1.75,0.0,4.75,0.0,6.5
4,ZONE_4,632,AUTUMN_B330,AUTUMN,330.0,likely,deterministic_dappled_pattern_hours,2.0304588607594938,1.75,0.0,4.75,0.0,6.5
4,ZONE_4,632,AUTUMN_B330,AUTUMN,330.0,conservative,expected_open_sky_weighted_hours,1.5901107594936708,1.4500000000000002,0.0,3.787499999999999,0.0,5.5375
4,ZONE_4,632,AUTUMN_B330,AUTUMN,330.0,conservative,deterministic_dappled_pattern_hours,1.5901898734177216,1.5,0.0,3.75,0.0,5.75
5,ZONE_5,56,AUTUMN_B330,AUTUMN,330.0,baseline,expected_open_sky_weighted_hours,4.5546875,4.625,4.375,4.875,4.125,4.875
5,ZONE_5,56,AUTUMN_B330,AUTUMN,330.0,baseline,deterministic_dappled_pattern_hours,4.589285714285714,4.5,4.25,4.875,4.0,5.0
5,ZONE_5,56,AUTUMN_B330,AUTUMN,330.0,likely,expected_open_sky_weighted_hours,4.24375,4.2,3.9499999999999997,4.450000000000001,3.9499999999999997,4.450000000000001
5,ZONE_5,56,AUTUMN_B330,AUTUMN,330.0,likely,deterministic_dappled_pattern_hours,4.267857142857143,4.25,4.0,4.5,3.75,4.75
5,ZONE_5,56,AUTUMN_B330,AUTUMN,330.0,conservative,expected_open_sky_weighted_hours,3.897991071428571,3.9062499999999996,3.5874999999999995,4.0874999999999995,3.5874999999999995,4.0874999999999995
5,ZONE_5,56,AUTUMN_B330,AUTUMN,330.0,conservative,deterministic_dappled_pattern_hours,3.955357142857143,4.0,3.75,4.25,3.25,4.5
6,ZONE_6,1025,AUTUMN_B330,AUTUMN,330.0,baseline,expected_open_sky_weighted_hours,5.788292682926829,6.0,3.5,7.4375,2.5,8.0
6,ZONE_6,1025,AUTUMN_B330,AUTUMN,330.0,baseline,deterministic_dappled_pattern_hours,5.785121951219512,6.0,3.5,7.5,2.5,8.0
6,ZONE_6,1025,AUTUMN_B330,AUTUMN,330.0,likely,expected_open_sky_weighted_hours,5.773658536585366,6.0,3.5,7.4,2.5,8.0
6,ZONE_6,1025,AUTUMN_B330,AUTUMN,330.0,likely,deterministic_dappled_pattern_hours,5.771951219512195,6.0,3.5,7.5,2.5,8.0
6,ZONE_6,1025,AUTUMN_B330,AUTUMN,330.0,conservative,expected_open_sky_weighted_hours,5.1733414634146335,5.399999999999999,3.3625,6.45,2.5,6.9
6,ZONE_6,1025,AUTUMN_B330,AUTUMN,330.0,conservative,deterministic_dappled_pattern_hours,5.185365853658537,5.5,3.5,6.5,2.5,7.5
7,ZONE_7,425,AUTUMN_B330,AUTUMN,330.0,baseline,expected_open_sky_weighted_hours,3.8341176470588234,4.625,0.0,6.375,0.0,6.625
7,ZONE_7,425,AUTUMN_B330,AUTUMN,330.0,baseline,deterministic_dappled_pattern_hours,3.8423529411764705,4.5,0.0,6.25,0.0,6.75
7,ZONE_7,425,AUTUMN_B330,AUTUMN,330.0,likely,expected_open_sky_weighted_hours,3.735529411764706,4.450000000000001,0.0,6.300000000000001,0.0,6.550000000000001
7,ZONE_7,425,AUTUMN_B330,AUTUMN,330.0,likely,deterministic_dappled_pattern_hours,3.748235294117647,4.5,0.0,6.25,0.0,6.75
7,ZONE_7,425,AUTUMN_B330,AUTUMN,330.0,conservative,expected_open_sky_weighted_hours,3.441676470588235,4.0874999999999995,0.0,5.675,0.0,5.7875
7,ZONE_7,425,AUTUMN_B330,AUTUMN,330.0,conservative,deterministic_dappled_pattern_hours,3.4523529411764704,4.0,0.0,5.75,0.0,6.5
1,ZONE_1,2406,AUTUMN_B335,AUTUMN,335.0,baseline,expected_open_sky_weighted_hours,6.511481712385702,6.8125,5.0,7.5,1.75,7.75
1,ZONE_1,2406,AUTUMN_B335,AUTUMN,335.0,baseline,deterministic_dappled_pattern_hours,6.508104738154613,7.0,5.0,7.5,1.75,7.75
1,ZONE_1,2406,AUTUMN_B335,AUTUMN,335.0,likely,expected_open_sky_weighted_hours,6.3987738985868665,6.700000000000001,4.9,7.4,1.75,7.65
1,ZONE_1,2406,AUTUMN_B335,AUTUMN,335.0,likely,deterministic_dappled_pattern_hours,6.394742310889443,6.75,4.75,7.5,1.75,7.75
1,ZONE_1,2406,AUTUMN_B335,AUTUMN,335.0,conservative,expected_open_sky_weighted_hours,5.4216126350789695,5.65,4.3375,6.2625,0.7875000000000001,6.5125
1,ZONE_1,2406,AUTUMN_B335,AUTUMN,335.0,conservative,deterministic_dappled_pattern_hours,5.430174563591023,5.75,4.25,6.5,0.5,7.5
2,ZONE_2,288,AUTUMN_B335,AUTUMN,335.0,baseline,expected_open_sky_weighted_hours,6.449652777777778,6.5,5.75,7.25,5.25,7.25
2,ZONE_2,288,AUTUMN_B335,AUTUMN,335.0,baseline,deterministic_dappled_pattern_hours,6.449652777777778,6.5,5.75,7.25,5.25,7.25
2,ZONE_2,288,AUTUMN_B335,AUTUMN,335.0,likely,expected_open_sky_weighted_hours,6.349652777777778,6.4,5.65,7.15,5.15,7.15
2,ZONE_2,288,AUTUMN_B335,AUTUMN,335.0,likely,deterministic_dappled_pattern_hours,6.357638888888889,6.5,5.75,7.0,5.25,7.25
2,ZONE_2,288,AUTUMN_B335,AUTUMN,335.0,conservative,expected_open_sky_weighted_hours,5.349652777777778,5.3999999999999995,4.6499999999999995,6.15,4.15,6.15
2,ZONE_2,288,AUTUMN_B335,AUTUMN,335.0,conservative,deterministic_dappled_pattern_hours,5.336805555555555,5.25,4.5,6.0,4.0,7.0
3,ZONE_3,388,AUTUMN_B335,AUTUMN,335.0,baseline,expected_open_sky_weighted_hours,4.366462628865979,4.5,3.16875,5.5,1.5,6.5
3,ZONE_3,388,AUTUMN_B335,AUTUMN,335.0,baseline,deterministic_dappled_pattern_hours,4.374355670103093,4.5,3.25,5.75,1.5,6.75
3,ZONE_3,388,AUTUMN_B335,AUTUMN,335.0,likely,expected_open_sky_weighted_hours,4.1952319587628875,4.25,3.12,5.350000000000001,1.5,6.350000000000001
3,ZONE_3,388,AUTUMN_B335,AUTUMN,335.0,likely,deterministic_dappled_pattern_hours,4.197164948453608,4.25,3.0,5.5,1.5,6.75
3,ZONE_3,388,AUTUMN_B335,AUTUMN,335.0,conservative,expected_open_sky_weighted_hours,3.7754510309278344,3.6999999999999993,2.9499999999999993,4.949999999999999,1.5,5.3999999999999995
3,ZONE_3,388,AUTUMN_B335,AUTUMN,335.0,conservative,deterministic_dappled_pattern_hours,3.774484536082474,3.75,2.75,4.825000000000003,1.5,5.75
4,ZONE_4,632,AUTUMN_B335,AUTUMN,335.0,baseline,expected_open_sky_weighted_hours,1.839003164556962,1.5,0.0,4.5,0.0,6.25
4,ZONE_4,632,AUTUMN_B335,AUTUMN,335.0,baseline,deterministic_dappled_pattern_hours,1.839003164556962,1.5,0.0,4.5,0.0,6.25
4,ZONE_4,632,AUTUMN_B335,AUTUMN,335.0,likely,expected_open_sky_weighted_hours,1.7831487341772152,1.4,0.0,4.4,0.0,6.15
4,ZONE_4,632,AUTUMN_B335,AUTUMN,335.0,likely,deterministic_dappled_pattern_hours,1.7832278481012658,1.5,0.0,4.5,0.0,6.25
4,ZONE_4,632,AUTUMN_B335,AUTUMN,335.0,conservative,expected_open_sky_weighted_hours,1.3982199367088606,1.2000000000000002,0.0,3.4000000000000004,0.0,5.1499999999999995
4,ZONE_4,632,AUTUMN_B335,AUTUMN,335.0,conservative,deterministic_dappled_pattern_hours,1.3888449367088607,1.25,0.0,3.5,0.0,5.75
5,ZONE_5,56,AUTUMN_B335,AUTUMN,335.0,baseline,expected_open_sky_weighted_hours,4.665178571428571,4.75,4.5,4.75,4.5,4.75
5,ZONE_5,56,AUTUMN_B335,AUTUMN,335.0,baseline,deterministic_dappled_pattern_hours,4.651785714285714,4.75,4.375,5.0,4.0,5.0
5,ZONE_5,56,AUTUMN_B335,AUTUMN,335.0,likely,expected_open_sky_weighted_hours,4.244642857142858,4.25,3.9999999999999996,4.500000000000001,3.9999999999999996,4.500000000000001
5,ZONE_5,56,AUTUMN_B335,AUTUMN,335.0,likely,deterministic_dappled_pattern_hours,4.267857142857143,4.25,4.0,4.5,3.75,4.75
5,ZONE_5,56,AUTUMN_B335,AUTUMN,335.0,conservative,expected_open_sky_weighted_hours,3.6999999999999993,3.6999999999999993,3.4499999999999993,3.9499999999999993,3.4499999999999993,3.9499999999999993
5,ZONE_5,56,AUTUMN_B335,AUTUMN,335.0,conservative,deterministic_dappled_pattern_hours,3.6875,3.75,3.25,4.0,3.25,4.25
6,ZONE_6,1025,AUTUMN_B335,AUTUMN,335.0,baseline,expected_open_sky_weighted_hours,5.41079268292683,5.25,3.25,7.375,2.5,7.75
6,ZONE_6,1025,AUTUMN_B335,AUTUMN,335.0,baseline,deterministic_dappled_pattern_hours,5.408048780487805,5.25,3.25,7.5,2.5,7.75
6,ZONE_6,1025,AUTUMN_B335,AUTUMN,335.0,likely,expected_open_sky_weighted_hours,5.3092195121951224,5.15,3.25,7.200000000000001,2.5,7.65
6,ZONE_6,1025,AUTUMN_B335,AUTUMN,335.0,likely,deterministic_dappled_pattern_hours,5.304146341463414,5.25,3.25,7.25,2.25,7.75
6,ZONE_6,1025,AUTUMN_B335,AUTUMN,335.0,conservative,expected_open_sky_weighted_hours,4.61459756097561,4.5,3.1125,6.125,2.1999999999999997,6.5125
6,ZONE_6,1025,AUTUMN_B335,AUTUMN,335.0,conservative,deterministic_dappled_pattern_hours,4.62,4.5,3.0,6.25,2.0,7.25
7,ZONE_7,425,AUTUMN_B335,AUTUMN,335.0,baseline,expected_open_sky_weighted_hours,3.731176470588235,4.5,0.0,6.25,0.0,6.5
7,ZONE_7,425,AUTUMN_B335,AUTUMN,335.0,baseline,deterministic_dappled_pattern_hours,3.743529411764706,4.5,0.0,6.25,0.0,6.75
7,ZONE_7,425,AUTUMN_B335,AUTUMN,335.0,likely,expected_open_sky_weighted_hours,3.593411764705883,4.25,0.0,6.100000000000001,0.0,6.350000000000001
7,ZONE_7,425,AUTUMN_B335,AUTUMN,335.0,likely,deterministic_dappled_pattern_hours,3.597058823529412,4.25,0.0,6.0,0.0,6.75
7,ZONE_7,425,AUTUMN_B335,AUTUMN,335.0,conservative,expected_open_sky_weighted_hours,3.1768235294117644,3.6999999999999993,0.0,5.2875,0.0,5.3999999999999995
7,ZONE_7,425,AUTUMN_B335,AUTUMN,335.0,conservative,deterministic_dappled_pattern_hours,3.164705882352941,3.75,0.0,5.25,0.0,6.0
1,ZONE_1,2406,WINTER_B325,WINTER,325.0,baseline,expected_open_sky_weighted_hours,2.853361388196176,3.0625,0.09375,4.8125,0.0,5.5
1,ZONE_1,2406,WINTER_B325,WINTER,325.0,baseline,deterministic_dappled_pattern_hours,2.8415419783873648,3.0,0.0,5.0,0.0,6.25
1,ZONE_1,2406,WINTER_B325,WINTER,325.0,likely,expected_open_sky_weighted_hours,2.181899418121363,2.3999999999999995,0.075,3.774999999999999,0.0,4.399999999999999
1,ZONE_1,2406,WINTER_B325,WINTER,325.0,likely,deterministic_dappled_pattern_hours,2.1810058187863675,2.25,0.0,4.0,0.0,5.5
1,ZONE_1,2406,WINTER_B325,WINTER,325.0,conservative,expected_open_sky_weighted_hours,1.5986180382377393,1.6875000000000004,0.0,2.8875,0.0,3.25
1,ZONE_1,2406,WINTER_B325,WINTER,325.0,conservative,deterministic_dappled_pattern_hours,1.6051537822111388,1.5,0.0,3.0,0.0,5.0
2,ZONE_2,288,WINTER_B325,WINTER,325.0,baseline,expected_open_sky_weighted_hours,4.945529513888889,4.9375,4.625,5.1875,4.625,5.4375
2,ZONE_2,288,WINTER_B325,WINTER,325.0,baseline,deterministic_dappled_pattern_hours,4.915798611111111,5.0,4.25,5.5,3.5,6.25
2,ZONE_2,288,WINTER_B325,WINTER,325.0,likely,expected_open_sky_weighted_hours,3.7868055555555546,3.799999999999999,3.449999999999999,4.049999999999999,3.449999999999999,4.299999999999999
2,ZONE_2,288,WINTER_B325,WINTER,325.0,likely,deterministic_dappled_pattern_hours,3.775173611111111,3.75,3.0,4.5,1.75,5.5
2,ZONE_2,288,WINTER_B325,WINTER,325.0,conservative,expected_open_sky_weighted_hours,2.5394097222222225,2.6375,2.1375,2.8875,2.1375,3.1375
2,ZONE_2,288,WINTER_B325,WINTER,325.0,conservative,deterministic_dappled_pattern_hours,2.546875,2.5,1.75,3.25,1.0,4.25
3,ZONE_3,388,WINTER_B325,WINTER,325.0,baseline,expected_open_sky_weighted_hours,1.2264819587628866,1.375,0.0,2.5625,0.0,3.4375
3,ZONE_3,388,WINTER_B325,WINTER,325.0,baseline,deterministic_dappled_pattern_hours,1.226159793814433,1.25,0.0,2.5,0.0,3.5
3,ZONE_3,388,WINTER_B325,WINTER,325.0,likely,expected_open_sky_weighted_hours,1.0695876288659794,1.2,0.0,2.2,0.0,2.8999999999999995
3,ZONE_3,388,WINTER_B325,WINTER,325.0,likely,deterministic_dappled_pattern_hours,1.0560567010309279,1.0,0.0,2.25,0.0,3.25
3,ZONE_3,388,WINTER_B325,WINTER,325.0,conservative,expected_open_sky_weighted_hours,0.9333440721649484,1.0875,0.0,1.9000000000000001,0.0,2.35
3,ZONE_3,388,WINTER_B325,WINTER,325.0,conservative,deterministic_dappled_pattern_hours,0.9213917525773195,1.0,0.0,2.0,0.0,3.0
4,ZONE_4,632,WINTER_B325,WINTER,325.0,baseline,expected_open_sky_weighted_hours,0.07683939873417721,0.0,0.0,0.1875,0.0,1.3125
4,ZONE_4,632,WINTER_B325,WINTER,325.0,baseline,deterministic_dappled_pattern_hours,0.07515822784810126,0.0,0.0,0.25,0.0,1.5
4,ZONE_4,632,WINTER_B325,WINTER,325.0,likely,expected_open_sky_weighted_hours,0.061471518987341774,0.0,0.0,0.15,0.0,1.05
4,ZONE_4,632,WINTER_B325,WINTER,325.0,likely,deterministic_dappled_pattern_hours,0.05735759493670886,0.0,0.0,0.25,0.0,1.5
4,ZONE_4,632,WINTER_B325,WINTER,325.0,conservative,expected_open_sky_weighted_hours,0.007654272151898735,0.0,0.0,0.0,0.0,0.3375
4,ZONE_4,632,WINTER_B325,WINTER,325.0,conservative,deterministic_dappled_pattern_hours,0.006724683544303798,0.0,0.0,0.0,0.0,0.5
5,ZONE_5,56,WINTER_B325,WINTER,325.0,baseline,expected_open_sky_weighted_hours,1.2544642857142858,1.3125,0.84375,1.625,0.5625,1.875
5,ZONE_5,56,WINTER_B325,WINTER,325.0,baseline,deterministic_dappled_pattern_hours,1.2723214285714286,1.25,0.75,1.75,0.25,2.0
5,ZONE_5,56,WINTER_B325,WINTER,325.0,likely,expected_open_sky_weighted_hours,1.0848214285714286,1.1,0.6499999999999999,1.45,0.44999999999999996,1.7
5,ZONE_5,56,WINTER_B325,WINTER,325.0,likely,deterministic_dappled_pattern_hours,1.1339285714285714,1.25,0.625,1.625,0.25,1.75
5,ZONE_5,56,WINTER_B325,WINTER,325.0,conservative,expected_open_sky_weighted_hours,0.9645089285714284,0.975,0.51875,1.3375,0.3375,1.45
5,ZONE_5,56,WINTER_B325,WINTER,325.0,conservative,deterministic_dappled_pattern_hours,1.0089285714285714,1.0,0.5,1.5,0.25,1.75
6,ZONE_6,1025,WINTER_B325,WINTER,325.0,baseline,expected_open_sky_weighted_hours,4.973536585365854,5.125,4.1875,5.5,3.25,6.3125
6,ZONE_6,1025,WINTER_B325,WINTER,325.0,baseline,deterministic_dappled_pattern_hours,4.982926829268293,5.0,4.25,5.75,3.0,6.75
6,ZONE_6,1025,WINTER_B325,WINTER,325.0,likely,expected_open_sky_weighted_hours,3.97970731707317,4.049999999999999,3.4499999999999993,4.399999999999999,2.8499999999999996,5.249999999999998
6,ZONE_6,1025,WINTER_B325,WINTER,325.0,likely,deterministic_dappled_pattern_hours,3.9787804878048783,4.0,3.25,4.75,2.0,6.0
6,ZONE_6,1025,WINTER_B325,WINTER,325.0,conservative,expected_open_sky_weighted_hours,2.954219512195122,3.0250000000000004,2.3875,3.3625,1.8000000000000005,3.974999999999999
6,ZONE_6,1025,WINTER_B325,WINTER,325.0,conservative,deterministic_dappled_pattern_hours,2.984390243902439,3.0,2.25,3.75,1.0,5.0
7,ZONE_7,425,WINTER_B325,WINTER,325.0,baseline,expected_open_sky_weighted_hours,1.6991176470588236,1.9375,0.0,3.4375,0.0,3.6875
7,ZONE_7,425,WINTER_B325,WINTER,325.0,baseline,deterministic_dappled_pattern_hours,1.708235294117647,2.0,0.0,3.5,0.0,4.25
7,ZONE_7,425,WINTER_B325,WINTER,325.0,likely,expected_open_sky_weighted_hours,1.5056470588235293,1.8,0.0,2.8999999999999995,0.0,3.1499999999999995
7,ZONE_7,425,WINTER_B325,WINTER,325.0,likely,deterministic_dappled_pattern_hours,1.5176470588235293,1.75,0.0,3.0,0.0,4.25
7,ZONE_7,425,WINTER_B325,WINTER,325.0,conservative,expected_open_sky_weighted_hours,1.2060882352941176,1.4500000000000002,0.0,2.3499999999999996,0.0,2.4625
7,ZONE_7,425,WINTER_B325,WINTER,325.0,conservative,deterministic_dappled_pattern_hours,1.2229411764705882,1.5,0.0,2.5,0.0,3.25
1,ZONE_1,2406,WINTER_B330,WINTER,330.0,baseline,expected_open_sky_weighted_hours,3.1424044056525355,3.5625,0.0,5.3125,0.0,5.75
1,ZONE_1,2406,WINTER_B330,WINTER,330.0,baseline,deterministic_dappled_pattern_hours,3.1521197007481296,3.5,0.0,5.25,0.0,6.25
1,ZONE_1,2406,WINTER_B330,WINTER,330.0,likely,expected_open_sky_weighted_hours,2.2977763923524517,2.5499999999999994,0.0,3.9999999999999996,0.0,4.449999999999999
1,ZONE_1,2406,WINTER_B330,WINTER,330.0,likely,deterministic_dappled_pattern_hours,2.3007065669160434,2.5,0.0,4.0,0.0,5.5
1,ZONE_1,2406,WINTER_B330,WINTER,330.0,conservative,expected_open_sky_weighted_hours,1.743988985868662,1.8000000000000005,0.0,3.1625000000000005,0.0,3.5250000000000004
1,ZONE_1,2406,WINTER_B330,WINTER,330.0,conservative,deterministic_dappled_pattern_hours,1.748233582709892,1.75,0.0,3.25,0.0,4.5
2,ZONE_2,288,WINTER_B330,WINTER,330.0,baseline,expected_open_sky_weighted_hours,5.101128472222222,5.0625,4.8125,5.625,4.5625,5.625
2,ZONE_2,288,WINTER_B330,WINTER,330.0,baseline,deterministic_dappled_pattern_hours,5.115451388888889,5.25,4.5,5.75,3.75,6.25
2,ZONE_2,288,WINTER_B330,WINTER,330.0,likely,expected_open_sky_weighted_hours,3.701388888888888,3.649999999999999,3.3999999999999986,4.249999999999999,3.149999999999999,4.249999999999999
2,ZONE_2,288,WINTER_B330,WINTER,330.0,likely,deterministic_dappled_pattern_hours,3.671875,3.75,2.75,4.5,1.75,5.5
2,ZONE_2,288,WINTER_B330,WINTER,330.0,conservative,expected_open_sky_weighted_hours,2.5149305555555563,2.4125000000000005,2.1625000000000005,3.1625000000000005,1.9125000000000005,3.1625000000000005
2,ZONE_2,288,WINTER_B330,WINTER,330.0,conservative,deterministic_dappled_pattern_hours,2.4921875,2.5,1.75,3.25,0.75,4.25
3,ZONE_3,388,WINTER_B330,WINTER,330.0,baseline,expected_open_sky_weighted_hours,1.6185567010309279,1.75,0.0,3.1875,0.0,4.0625
3,ZONE_3,388,WINTER_B330,WINTER,330.0,baseline,deterministic_dappled_pattern_hours,1.6179123711340206,1.75,0.0,3.25,0.0,4.25
3,ZONE_3,388,WINTER_B330,WINTER,330.0,likely,expected_open_sky_weighted_hours,1.3731958762886596,1.65,0.0,2.55,0.0,3.25
3,ZONE_3,388,WINTER_B330,WINTER,330.0,likely,deterministic_dappled_pattern_hours,1.3472938144329898,1.5,0.0,2.5,0.0,3.75
3,ZONE_3,388,WINTER_B330,WINTER,330.0,conservative,expected_open_sky_weighted_hours,1.2487113402061856,1.5875,0.0,2.2875,0.0,2.7375
3,ZONE_3,388,WINTER_B330,WINTER,330.0,conservative,deterministic_dappled_pattern_hours,1.2416237113402062,1.5,0.0,2.25,0.0,3.0
4,ZONE_4,632,WINTER_B330,WINTER,330.0,baseline,expected_open_sky_weighted_hours,0.01216376582278481,0.0,0.0,0.0,0.0,0.75
4,ZONE_4,632,WINTER_B330,WINTER,330.0,baseline,deterministic_dappled_pattern_hours,0.010680379746835443,0.0,0.0,0.0,0.0,1.0
4,ZONE_4,632,WINTER_B330,WINTER,330.0,likely,expected_open_sky_weighted_hours,0.009731012658227848,0.0,0.0,0.0,0.0,0.6
4,ZONE_4,632,WINTER_B330,WINTER,330.0,likely,deterministic_dappled_pattern_hours,0.008306962025316455,0.0,0.0,0.0,0.0,1.0
4,ZONE_4,632,WINTER_B330,WINTER,330.0,conservative,expected_open_sky_weighted_hours,0.0,0.0,0.0,0.0,0.0,0.0
4,ZONE_4,632,WINTER_B330,WINTER,330.0,conservative,deterministic_dappled_pattern_hours,0.0,0.0,0.0,0.0,0.0,0.0
5,ZONE_5,56,WINTER_B330,WINTER,330.0,baseline,expected_open_sky_weighted_hours,1.7276785714285714,1.75,1.25,2.0,1.0,2.25
5,ZONE_5,56,WINTER_B330,WINTER,330.0,baseline,deterministic_dappled_pattern_hours,1.7276785714285714,1.75,1.25,2.0,1.0,2.25
5,ZONE_5,56,WINTER_B330,WINTER,330.0,likely,expected_open_sky_weighted_hours,1.5026785714285713,1.55,1.0499999999999998,1.9,0.7,2.05
5,ZONE_5,56,WINTER_B330,WINTER,330.0,likely,deterministic_dappled_pattern_hours,1.5,1.5,1.125,2.0,0.75,2.25
5,ZONE_5,56,WINTER_B330,WINTER,330.0,conservative,expected_open_sky_weighted_hours,1.4035714285714285,1.475,0.9624999999999999,1.725,0.5875,1.8375000000000001
5,ZONE_5,56,WINTER_B330,WINTER,330.0,conservative,deterministic_dappled_pattern_hours,1.4017857142857142,1.5,1.0,1.75,0.5,2.25
6,ZONE_6,1025,WINTER_B330,WINTER,330.0,baseline,expected_open_sky_weighted_hours,5.248475609756097,5.375,4.6875,5.6875,3.0625,5.75
6,ZONE_6,1025,WINTER_B330,WINTER,330.0,baseline,deterministic_dappled_pattern_hours,5.2526829268292685,5.25,4.5,5.75,2.0,6.25
6,ZONE_6,1025,WINTER_B330,WINTER,330.0,likely,expected_open_sky_weighted_hours,3.98580487804878,4.1,3.399999999999999,4.3999999999999995,1.9499999999999995,4.449999999999999
6,ZONE_6,1025,WINTER_B330,WINTER,330.0,likely,deterministic_dappled_pattern_hours,3.9939024390243905,4.0,3.25,4.75,1.25,5.75
6,ZONE_6,1025,WINTER_B330,WINTER,330.0,conservative,expected_open_sky_weighted_hours,3.0504512195121958,3.1875,2.1625000000000005,3.5250000000000004,1.0125000000000002,3.5250000000000004
6,ZONE_6,1025,WINTER_B330,WINTER,330.0,conservative,deterministic_dappled_pattern_hours,3.048780487804878,3.0,2.0,4.0,0.25,5.0
7,ZONE_7,425,WINTER_B330,WINTER,330.0,baseline,expected_open_sky_weighted_hours,2.114705882352941,2.5,0.0,4.0625,0.0,4.3125
7,ZONE_7,425,WINTER_B330,WINTER,330.0,baseline,deterministic_dappled_pattern_hours,2.113529411764706,2.5,0.0,4.0,0.0,4.5
7,ZONE_7,425,WINTER_B330,WINTER,330.0,likely,expected_open_sky_weighted_hours,1.7902352941176471,2.3,0.0,3.3499999999999996,0.0,3.5
7,ZONE_7,425,WINTER_B330,WINTER,330.0,likely,deterministic_dappled_pattern_hours,1.7929411764705883,2.25,0.0,3.5,0.0,4.0
7,ZONE_7,425,WINTER_B330,WINTER,330.0,conservative,expected_open_sky_weighted_hours,1.490470588235294,1.95,0.0,2.7375,0.0,2.8499999999999996
7,ZONE_7,425,WINTER_B330,WINTER,330.0,conservative,deterministic_dappled_pattern_hours,1.4923529411764707,1.75,0.0,2.75,0.0,4.0
1,ZONE_1,2406,WINTER_B335,WINTER,335.0,baseline,expected_open_sky_weighted_hours,3.14214463840399,3.625,0.0,5.375,0.0,5.5625
1,ZONE_1,2406,WINTER_B335,WINTER,335.0,baseline,deterministic_dappled_pattern_hours,3.1396508728179553,3.75,0.0,5.25,0.0,6.0
1,ZONE_1,2406,WINTER_B335,WINTER,335.0,likely,expected_open_sky_weighted_hours,2.337094763092269,2.5999999999999996,0.0,4.1,0.0,4.3999999999999995
1,ZONE_1,2406,WINTER_B335,WINTER,335.0,likely,deterministic_dappled_pattern_hours,2.3429966749792186,2.625,0.0,4.25,0.0,5.5
1,ZONE_1,2406,WINTER_B335,WINTER,335.0,conservative,expected_open_sky_weighted_hours,1.8595750207813802,1.9625000000000004,0.0,3.4125000000000005,0.0,3.6625000000000005
1,ZONE_1,2406,WINTER_B335,WINTER,335.0,conservative,deterministic_dappled_pattern_hours,1.8572319201995013,2.0,0.0,3.5,0.0,5.0
2,ZONE_2,288,WINTER_B335,WINTER,335.0,baseline,expected_open_sky_weighted_hours,4.851996527777778,4.8125,4.5,5.375,4.3125,5.375
2,ZONE_2,288,WINTER_B335,WINTER,335.0,baseline,deterministic_dappled_pattern_hours,4.857638888888889,4.75,4.25,5.5,3.25,6.0
2,ZONE_2,288,WINTER_B335,WINTER,335.0,likely,expected_open_sky_weighted_hours,3.4116319444444434,3.349999999999999,2.849999999999999,4.1,2.849999999999999,4.1
2,ZONE_2,288,WINTER_B335,WINTER,335.0,likely,deterministic_dappled_pattern_hours,3.392361111111111,3.25,2.5,4.25,1.5,5.0
2,ZONE_2,288,WINTER_B335,WINTER,335.0,conservative,expected_open_sky_weighted_hours,2.474131944444445,2.4125000000000005,1.9125000000000005,3.1625000000000005,1.9125000000000005,3.1625000000000005
2,ZONE_2,288,WINTER_B335,WINTER,335.0,conservative,deterministic_dappled_pattern_hours,2.4921875,2.5,1.75,3.25,0.75,4.25
3,ZONE_3,388,WINTER_B335,WINTER,335.0,baseline,expected_open_sky_weighted_hours,1.9085051546391754,2.25,0.0,3.5,0.0,4.25
3,ZONE_3,388,WINTER_B335,WINTER,335.0,baseline,deterministic_dappled_pattern_hours,1.9091494845360826,2.25,0.0,3.5,0.0,4.5
3,ZONE_3,388,WINTER_B335,WINTER,335.0,likely,expected_open_sky_weighted_hours,1.630798969072165,1.95,0.0,2.9,0.0,3.5
3,ZONE_3,388,WINTER_B335,WINTER,335.0,likely,deterministic_dappled_pattern_hours,1.646262886597938,2.0,0.0,3.0,0.0,4.0
3,ZONE_3,388,WINTER_B335,WINTER,335.0,conservative,expected_open_sky_weighted_hours,1.484375,1.8625,0.0,2.5375,0.0,2.9875
3,ZONE_3,388,WINTER_B335,WINTER,335.0,conservative,deterministic_dappled_pattern_hours,1.4858247422680413,1.75,0.0,2.75,0.0,3.5
4,ZONE_4,632,WINTER_B335,WINTER,335.0,baseline,expected_open_sky_weighted_hours,0.0,0.0,0.0,0.0,0.0,0.0
4,ZONE_4,632,WINTER_B335,WINTER,335.0,baseline,deterministic_dappled_pattern_hours,0.0,0.0,0.0,0.0,0.0,0.0
4,ZONE_4,632,WINTER_B335,WINTER,335.0,likely,expected_open_sky_weighted_hours,0.0,0.0,0.0,0.0,0.0,0.0
4,ZONE_4,632,WINTER_B335,WINTER,335.0,likely,deterministic_dappled_pattern_hours,0.0,0.0,0.0,0.0,0.0,0.0
4,ZONE_4,632,WINTER_B335,WINTER,335.0,conservative,expected_open_sky_weighted_hours,0.0,0.0,0.0,0.0,0.0,0.0
4,ZONE_4,632,WINTER_B335,WINTER,335.0,conservative,deterministic_dappled_pattern_hours,0.0,0.0,0.0,0.0,0.0,0.0
5,ZONE_5,56,WINTER_B335,WINTER,335.0,baseline,expected_open_sky_weighted_hours,2.236607142857143,2.25,1.75,2.5,1.5,2.75
5,ZONE_5,56,WINTER_B335,WINTER,335.0,baseline,deterministic_dappled_pattern_hours,2.236607142857143,2.25,1.75,2.5,1.5,2.75
5,ZONE_5,56,WINTER_B335,WINTER,335.0,likely,expected_open_sky_weighted_hours,1.936607142857143,1.95,1.45,2.3,1.1,2.45
5,ZONE_5,56,WINTER_B335,WINTER,335.0,likely,deterministic_dappled_pattern_hours,1.9821428571428572,2.0,1.5,2.5,1.0,2.75
5,ZONE_5,56,WINTER_B335,WINTER,335.0,conservative,expected_open_sky_weighted_hours,1.7995535714285713,1.8375,1.3375,2.0875,0.95,2.1999999999999997
5,ZONE_5,56,WINTER_B335,WINTER,335.0,conservative,deterministic_dappled_pattern_hours,1.8214285714285714,1.75,1.5,2.25,1.0,2.5
6,ZONE_6,1025,WINTER_B335,WINTER,335.0,baseline,expected_open_sky_weighted_hours,5.147012195121952,5.25,4.5625,5.5,3.1875,5.5625
6,ZONE_6,1025,WINTER_B335,WINTER,335.0,baseline,deterministic_dappled_pattern_hours,5.15,5.25,4.5,5.75,3.0,6.0
6,ZONE_6,1025,WINTER_B335,WINTER,335.0,likely,expected_open_sky_weighted_hours,3.9241463414634143,4.1,3.099999999999999,4.299999999999999,1.9499999999999995,4.3999999999999995
6,ZONE_6,1025,WINTER_B335,WINTER,335.0,likely,deterministic_dappled_pattern_hours,3.9046341463414636,4.0,3.0,4.75,1.5,5.5
6,ZONE_6,1025,WINTER_B335,WINTER,335.0,conservative,expected_open_sky_weighted_hours,3.133317073170732,3.4125000000000005,2.1625000000000005,3.6625000000000005,1.2375000000000003,3.6625000000000005
6,ZONE_6,1025,WINTER_B335,WINTER,335.0,conservative,deterministic_dappled_pattern_hours,3.1239024390243904,3.25,2.1000000000000014,4.0,0.5,5.25
7,ZONE_7,425,WINTER_B335,WINTER,335.0,baseline,expected_open_sky_weighted_hours,2.3858823529411763,3.0,0.0,4.3125,0.0,4.5
7,ZONE_7,425,WINTER_B335,WINTER,335.0,baseline,deterministic_dappled_pattern_hours,2.3758823529411766,3.0,0.0,4.25,0.0,4.75
7,ZONE_7,425,WINTER_B335,WINTER,335.0,likely,expected_open_sky_weighted_hours,2.0432941176470587,2.6,0.0,3.5999999999999996,0.0,3.75
7,ZONE_7,425,WINTER_B335,WINTER,335.0,likely,deterministic_dappled_pattern_hours,2.032941176470588,2.5,0.0,3.75,0.0,4.5
7,ZONE_7,425,WINTER_B335,WINTER,335.0,conservative,expected_open_sky_weighted_hours,1.7180294117647057,2.3124999999999996,0.0,2.9875,0.0,3.0999999999999996
7,ZONE_7,425,WINTER_B335,WINTER,335.0,conservative,deterministic_dappled_pattern_hours,1.7123529411764706,2.25,0.0,3.25,0.0,4.0
1,ZONE_1,2406,SPRING_B325,SPRING,325.0,baseline,expected_open_sky_weighted_hours,6.557538445552785,7.0,4.5,7.75,2.0,8.0
1,ZONE_1,2406,SPRING_B325,SPRING,325.0,baseline,deterministic_dappled_pattern_hours,6.557252701579385,7.0,4.5,7.75,2.0,8.0
1,ZONE_1,2406,SPRING_B325,SPRING,325.0,likely,expected_open_sky_weighted_hours,6.556338320864505,7.0,4.5,7.75,2.0,8.0
1,ZONE_1,2406,SPRING_B325,SPRING,325.0,likely,deterministic_dappled_pattern_hours,6.556109725685785,7.0,4.5,7.75,2.0,8.0
1,ZONE_1,2406,SPRING_B325,SPRING,325.0,conservative,expected_open_sky_weighted_hours,5.835406275976725,6.175,3.975,6.925000000000001,1.3125,7.175
1,ZONE_1,2406,SPRING_B325,SPRING,325.0,conservative,deterministic_dappled_pattern_hours,5.842684954280965,6.25,4.0,7.0,1.0,8.0
2,ZONE_2,288,SPRING_B325,SPRING,325.0,baseline,expected_open_sky_weighted_hours,6.852430555555555,7.0,6.0,7.5,5.5,7.75
2,ZONE_2,288,SPRING_B325,SPRING,325.0,baseline,deterministic_dappled_pattern_hours,6.852430555555555,7.0,6.0,7.5,5.5,7.75
2,ZONE_2,288,SPRING_B325,SPRING,325.0,likely,expected_open_sky_weighted_hours,6.852430555555555,7.0,6.0,7.5,5.5,7.75
2,ZONE_2,288,SPRING_B325,SPRING,325.0,likely,deterministic_dappled_pattern_hours,6.852430555555555,7.0,6.0,7.5,5.5,7.75
2,ZONE_2,288,SPRING_B325,SPRING,325.0,conservative,expected_open_sky_weighted_hours,6.027430555555554,6.174999999999999,5.174999999999999,6.674999999999999,4.674999999999999,6.924999999999999
2,ZONE_2,288,SPRING_B325,SPRING,325.0,conservative,deterministic_dappled_pattern_hours,6.040798611111111,6.0,5.25,6.75,4.5,7.75
3,ZONE_3,388,SPRING_B325,SPRING,325.0,baseline,expected_open_sky_weighted_hours,4.011920103092783,4.09375,2.25,5.6875,0.5,6.5
3,ZONE_3,388,SPRING_B325,SPRING,325.0,baseline,deterministic_dappled_pattern_hours,4.010309278350515,4.0,2.25,5.75,0.5,6.5
3,ZONE_3,388,SPRING_B325,SPRING,325.0,likely,expected_open_sky_weighted_hours,3.9832474226804124,4.075,2.25,5.65,0.5,6.5
3,ZONE_3,388,SPRING_B325,SPRING,325.0,likely,deterministic_dappled_pattern_hours,3.9768041237113403,4.0,2.25,5.75,0.5,6.5
3,ZONE_3,388,SPRING_B325,SPRING,325.0,conservative,expected_open_sky_weighted_hours,3.928350515463918,4.05625,2.25,5.6125,0.5,5.95
3,ZONE_3,388,SPRING_B325,SPRING,325.0,conservative,deterministic_dappled_pattern_hours,3.9233247422680413,4.0,2.25,5.5,0.5,6.25
4,ZONE_4,632,SPRING_B325,SPRING,325.0,baseline,expected_open_sky_weighted_hours,2.0723892405063293,2.0,0.0,4.75,0.0,6.25
4,ZONE_4,632,SPRING_B325,SPRING,325.0,baseline,deterministic_dappled_pattern_hours,2.0723892405063293,2.0,0.0,4.75,0.0,6.25
4,ZONE_4,632,SPRING_B325,SPRING,325.0,likely,expected_open_sky_weighted_hours,2.0723892405063293,2.0,0.0,4.75,0.0,6.25
4,ZONE_4,632,SPRING_B325,SPRING,325.0,likely,deterministic_dappled_pattern_hours,2.0723892405063293,2.0,0.0,4.75,0.0,6.25
4,ZONE_4,632,SPRING_B325,SPRING,325.0,conservative,expected_open_sky_weighted_hours,1.7160205696202528,1.6,0.0,3.924999999999999,0.0,5.424999999999999
4,ZONE_4,632,SPRING_B325,SPRING,325.0,conservative,deterministic_dappled_pattern_hours,1.7029272151898733,1.5,0.0,4.0,0.0,5.75
5,ZONE_5,56,SPRING_B325,SPRING,325.0,baseline,expected_open_sky_weighted_hours,4.239955357142857,4.25,3.9375,4.4375,3.75,4.6875
5,ZONE_5,56,SPRING_B325,SPRING,325.0,baseline,deterministic_dappled_pattern_hours,4.258928571428571,4.25,4.0,4.5,3.75,4.75
5,ZONE_5,56,SPRING_B325,SPRING,325.0,likely,expected_open_sky_weighted_hours,4.185714285714286,4.25,3.9,4.4,3.75,4.550000000000001
5,ZONE_5,56,SPRING_B325,SPRING,325.0,likely,deterministic_dappled_pattern_hours,4.205357142857143,4.25,4.0,4.5,3.75,4.75
5,ZONE_5,56,SPRING_B325,SPRING,325.0,conservative,expected_open_sky_weighted_hours,4.118080357142857,4.1125,3.8625,4.3625,3.75,4.3625
5,ZONE_5,56,SPRING_B325,SPRING,325.0,conservative,deterministic_dappled_pattern_hours,4.129464285714286,4.25,3.875,4.25,3.75,4.5
6,ZONE_6,1025,SPRING_B325,SPRING,325.0,baseline,expected_open_sky_weighted_hours,6.259756097560976,6.75,4.0,7.5,2.75,8.25
6,ZONE_6,1025,SPRING_B325,SPRING,325.0,baseline,deterministic_dappled_pattern_hours,6.259756097560976,6.75,4.0,7.5,2.75,8.25
6,ZONE_6,1025,SPRING_B325,SPRING,325.0,likely,expected_open_sky_weighted_hours,6.259756097560976,6.75,4.0,7.5,2.75,8.25
6,ZONE_6,1025,SPRING_B325,SPRING,325.0,likely,deterministic_dappled_pattern_hours,6.259756097560976,6.75,4.0,7.5,2.75,8.25
6,ZONE_6,1025,SPRING_B325,SPRING,325.0,conservative,expected_open_sky_weighted_hours,5.819085365853659,6.175,4.0,6.925000000000001,2.75,7.424999999999999
6,ZONE_6,1025,SPRING_B325,SPRING,325.0,conservative,deterministic_dappled_pattern_hours,5.817073170731708,6.25,4.0,7.0,2.75,7.75
7,ZONE_7,425,SPRING_B325,SPRING,325.0,baseline,expected_open_sky_weighted_hours,3.8448529411764705,4.5,0.0,6.4375,0.0,6.75
7,ZONE_7,425,SPRING_B325,SPRING,325.0,baseline,deterministic_dappled_pattern_hours,3.843529411764706,4.5,0.0,6.5,0.0,6.75
7,ZONE_7,425,SPRING_B325,SPRING,325.0,likely,expected_open_sky_weighted_hours,3.817294117647059,4.5,0.0,6.4,0.0,6.75
7,ZONE_7,425,SPRING_B325,SPRING,325.0,likely,deterministic_dappled_pattern_hours,3.8105882352941176,4.5,0.0,6.5,0.0,6.75
7,ZONE_7,425,SPRING_B325,SPRING,325.0,conservative,expected_open_sky_weighted_hours,3.6944999999999997,4.5,0.0,5.95,0.0,6.75
7,ZONE_7,425,SPRING_B325,SPRING,325.0,conservative,deterministic_dappled_pattern_hours,3.686470588235294,4.5,0.0,6.0,0.0,6.75
1,ZONE_1,2406,SPRING_B330,SPRING,330.0,baseline,expected_open_sky_weighted_hours,6.499792186201164,6.90625,4.625,7.75,1.75,7.75
1,ZONE_1,2406,SPRING_B330,SPRING,330.0,baseline,deterministic_dappled_pattern_hours,6.500207813798836,7.0,4.5,7.75,1.75,7.75
1,ZONE_1,2406,SPRING_B330,SPRING,330.0,likely,expected_open_sky_weighted_hours,6.48262676641729,6.8500000000000005,4.550000000000001,7.75,1.75,7.75
1,ZONE_1,2406,SPRING_B330,SPRING,330.0,likely,deterministic_dappled_pattern_hours,6.484621778886118,6.875,4.5,7.75,1.75,7.75
1,ZONE_1,2406,SPRING_B330,SPRING,330.0,conservative,expected_open_sky_weighted_hours,5.539978179551122,5.8999999999999995,4.0,6.65,0.7875000000000001,6.65
1,ZONE_1,2406,SPRING_B330,SPRING,330.0,conservative,deterministic_dappled_pattern_hours,5.537926018287615,5.75,4.0,6.75,0.25,7.75
2,ZONE_2,288,SPRING_B330,SPRING,330.0,baseline,expected_open_sky_weighted_hours,6.627604166666667,6.5,6.0,7.25,5.25,7.5
2,ZONE_2,288,SPRING_B330,SPRING,330.0,baseline,deterministic_dappled_pattern_hours,6.627604166666667,6.5,6.0,7.25,5.25,7.5
2,ZONE_2,288,SPRING_B330,SPRING,330.0,likely,expected_open_sky_weighted_hours,6.627604166666667,6.5,6.0,7.25,5.25,7.5
2,ZONE_2,288,SPRING_B330,SPRING,330.0,likely,deterministic_dappled_pattern_hours,6.627604166666667,6.5,6.0,7.25,5.25,7.5
2,ZONE_2,288,SPRING_B330,SPRING,330.0,conservative,expected_open_sky_weighted_hours,5.527604166666666,5.3999999999999995,4.899999999999999,6.15,4.15,6.3999999999999995
2,ZONE_2,288,SPRING_B330,SPRING,330.0,conservative,deterministic_dappled_pattern_hours,5.529513888888889,5.5,4.75,6.25,4.0,7.0
3,ZONE_3,388,SPRING_B330,SPRING,330.0,baseline,expected_open_sky_weighted_hours,4.15173969072165,4.1875,2.5,5.625,1.0,6.625
3,ZONE_3,388,SPRING_B330,SPRING,330.0,baseline,deterministic_dappled_pattern_hours,4.150773195876289,4.25,2.5,5.75,1.0,6.75
3,ZONE_3,388,SPRING_B330,SPRING,330.0,likely,expected_open_sky_weighted_hours,4.0387886597938145,4.15,2.5,5.450000000000001,1.0,6.550000000000001
3,ZONE_3,388,SPRING_B330,SPRING,330.0,likely,deterministic_dappled_pattern_hours,4.047680412371134,4.0,2.5,5.5,1.0,6.75
3,ZONE_3,388,SPRING_B330,SPRING,330.0,conservative,expected_open_sky_weighted_hours,3.8696842783505154,3.9749999999999996,2.5,5.225,1.0,5.7875
3,ZONE_3,388,SPRING_B330,SPRING,330.0,conservative,deterministic_dappled_pattern_hours,3.8737113402061856,4.0,2.5,5.25,1.0,6.0
4,ZONE_4,632,SPRING_B330,SPRING,330.0,baseline,expected_open_sky_weighted_hours,1.901503164556962,1.75,0.0,4.5,0.0,6.5
4,ZONE_4,632,SPRING_B330,SPRING,330.0,baseline,deterministic_dappled_pattern_hours,1.901503164556962,1.75,0.0,4.5,0.0,6.5
4,ZONE_4,632,SPRING_B330,SPRING,330.0,likely,expected_open_sky_weighted_hours,1.901503164556962,1.75,0.0,4.5,0.0,6.5
4,ZONE_4,632,SPRING_B330,SPRING,330.0,likely,deterministic_dappled_pattern_hours,1.901503164556962,1.75,0.0,4.5,0.0,6.5
4,ZONE_4,632,SPRING_B330,SPRING,330.0,conservative,expected_open_sky_weighted_hours,1.443097310126582,1.3125000000000002,0.0,3.4,0.0,5.399999999999999
4,ZONE_4,632,SPRING_B330,SPRING,330.0,conservative,deterministic_dappled_pattern_hours,1.432753164556962,1.25,0.0,3.5,0.0,5.75
5,ZONE_5,56,SPRING_B330,SPRING,330.0,baseline,expected_open_sky_weighted_hours,4.448660714285714,4.375,4.1875,4.625,4.125,4.625
5,ZONE_5,56,SPRING_B330,SPRING,330.0,baseline,deterministic_dappled_pattern_hours,4.428571428571429,4.5,4.125,4.75,3.75,4.75
5,ZONE_5,56,SPRING_B330,SPRING,330.0,likely,expected_open_sky_weighted_hours,4.170535714285714,4.2,3.9499999999999997,4.450000000000001,3.9499999999999997,4.450000000000001
5,ZONE_5,56,SPRING_B330,SPRING,330.0,likely,deterministic_dappled_pattern_hours,4.15625,4.25,3.75,4.5,3.75,4.5
5,ZONE_5,56,SPRING_B330,SPRING,330.0,conservative,expected_open_sky_weighted_hours,3.9709821428571423,3.9749999999999996,3.7249999999999996,4.225,3.7249999999999996,4.225
5,ZONE_5,56,SPRING_B330,SPRING,330.0,conservative,deterministic_dappled_pattern_hours,3.9776785714285716,4.0,3.75,4.25,3.5,4.5
6,ZONE_6,1025,SPRING_B330,SPRING,330.0,baseline,expected_open_sky_weighted_hours,5.857378048780488,6.0,3.75,7.4375,2.75,7.75
6,ZONE_6,1025,SPRING_B330,SPRING,330.0,baseline,deterministic_dappled_pattern_hours,5.855609756097561,6.0,3.75,7.5,2.75,7.75
6,ZONE_6,1025,SPRING_B330,SPRING,330.0,likely,expected_open_sky_weighted_hours,5.843658536585366,6.0,3.75,7.4,2.75,7.75
6,ZONE_6,1025,SPRING_B330,SPRING,330.0,likely,deterministic_dappled_pattern_hours,5.8446341463414635,6.0,3.75,7.5,2.75,7.75
6,ZONE_6,1025,SPRING_B330,SPRING,330.0,conservative,expected_open_sky_weighted_hours,5.212329268292683,5.3999999999999995,3.5,6.4,2.75,6.65
6,ZONE_6,1025,SPRING_B330,SPRING,330.0,conservative,deterministic_dappled_pattern_hours,5.213170731707317,5.5,3.5,6.5,2.75,7.5
7,ZONE_7,425,SPRING_B330,SPRING,330.0,baseline,expected_open_sky_weighted_hours,3.7908823529411766,4.625,0.0,6.125,0.0,6.625
7,ZONE_7,425,SPRING_B330,SPRING,330.0,baseline,deterministic_dappled_pattern_hours,3.800588235294118,4.5,0.0,6.25,0.0,6.75
7,ZONE_7,425,SPRING_B330,SPRING,330.0,likely,expected_open_sky_weighted_hours,3.691882352941177,4.450000000000001,0.0,6.050000000000001,0.0,6.550000000000001
7,ZONE_7,425,SPRING_B330,SPRING,330.0,likely,deterministic_dappled_pattern_hours,3.703529411764706,4.25,0.0,6.25,0.0,6.75
7,ZONE_7,425,SPRING_B330,SPRING,330.0,conservative,expected_open_sky_weighted_hours,3.4657647058823526,4.225,0.0,5.5625,0.0,6.0
7,ZONE_7,425,SPRING_B330,SPRING,330.0,conservative,deterministic_dappled_pattern_hours,3.473529411764706,4.25,0.0,5.5,0.0,6.5
1,ZONE_1,2406,SPRING_B335,SPRING,335.0,baseline,expected_open_sky_weighted_hours,6.40344451371571,6.75,4.75,7.5,1.5,7.6875
1,ZONE_1,2406,SPRING_B335,SPRING,335.0,baseline,deterministic_dappled_pattern_hours,6.406275976724855,6.75,4.75,7.5,1.5,7.75
1,ZONE_1,2406,SPRING_B335,SPRING,335.0,likely,expected_open_sky_weighted_hours,6.223233582709892,6.55,4.700000000000001,7.3,1.4,7.45
1,ZONE_1,2406,SPRING_B335,SPRING,335.0,likely,deterministic_dappled_pattern_hours,6.22568578553616,6.5,4.75,7.25,1.25,7.75
1,ZONE_1,2406,SPRING_B335,SPRING,335.0,conservative,expected_open_sky_weighted_hours,5.330434330839568,5.6499999999999995,4.1625,6.2625,0.675,6.375
1,ZONE_1,2406,SPRING_B335,SPRING,335.0,conservative,deterministic_dappled_pattern_hours,5.323877805486284,5.5,4.0,6.5,0.5,7.25
2,ZONE_2,288,SPRING_B335,SPRING,335.0,baseline,expected_open_sky_weighted_hours,6.397569444444445,6.25,5.75,7.0,5.5,7.25
2,ZONE_2,288,SPRING_B335,SPRING,335.0,baseline,deterministic_dappled_pattern_hours,6.397569444444445,6.25,5.75,7.0,5.5,7.25
2,ZONE_2,288,SPRING_B335,SPRING,335.0,likely,expected_open_sky_weighted_hours,6.197569444444444,6.05,5.55,6.8,5.3,7.05
2,ZONE_2,288,SPRING_B335,SPRING,335.0,likely,deterministic_dappled_pattern_hours,6.188368055555555,6.25,5.5,7.0,5.25,7.25
2,ZONE_2,288,SPRING_B335,SPRING,335.0,conservative,expected_open_sky_weighted_hours,5.160069444444444,5.0125,4.512499999999999,5.7625,4.2625,6.0125
2,ZONE_2,288,SPRING_B335,SPRING,335.0,conservative,deterministic_dappled_pattern_hours,5.1484375,5.25,4.5,6.0,3.75,6.75
3,ZONE_3,388,SPRING_B335,SPRING,335.0,baseline,expected_open_sky_weighted_hours,4.270940721649485,4.25,3.0,5.5,1.25,6.5
3,ZONE_3,388,SPRING_B335,SPRING,335.0,baseline,deterministic_dappled_pattern_hours,4.278350515463917,4.25,3.0,5.5,1.25,6.5
3,ZONE_3,388,SPRING_B335,SPRING,335.0,likely,expected_open_sky_weighted_hours,4.107345360824742,3.9999999999999996,3.0,5.350000000000001,1.25,6.350000000000001
3,ZONE_3,388,SPRING_B335,SPRING,335.0,likely,deterministic_dappled_pattern_hours,4.121134020618556,4.0,3.0,5.5,1.25,6.5
3,ZONE_3,388,SPRING_B335,SPRING,335.0,conservative,expected_open_sky_weighted_hours,3.8200386597938136,3.75,2.9749999999999996,5.0874999999999995,1.25,5.5375
3,ZONE_3,388,SPRING_B335,SPRING,335.0,conservative,deterministic_dappled_pattern_hours,3.8125,3.75,2.75,5.0,1.25,5.75
4,ZONE_4,632,SPRING_B335,SPRING,335.0,baseline,expected_open_sky_weighted_hours,1.6815664556962024,1.25,0.0,4.474999999999994,0.0,6.25
4,ZONE_4,632,SPRING_B335,SPRING,335.0,baseline,deterministic_dappled_pattern_hours,1.6815664556962024,1.25,0.0,4.474999999999994,0.0,6.25
4,ZONE_4,632,SPRING_B335,SPRING,335.0,likely,expected_open_sky_weighted_hours,1.5845727848101265,1.25,0.0,4.274999999999994,0.0,6.05
4,ZONE_4,632,SPRING_B335,SPRING,335.0,likely,deterministic_dappled_pattern_hours,1.5755537974683544,1.25,0.0,4.0,0.0,6.0
4,ZONE_4,632,SPRING_B335,SPRING,335.0,conservative,expected_open_sky_weighted_hours,1.2057555379746836,0.9750000000000001,0.0,3.237499999999994,0.0,5.012499999999999
4,ZONE_4,632,SPRING_B335,SPRING,335.0,conservative,deterministic_dappled_pattern_hours,1.1795886075949367,1.0,0.0,3.0,0.0,5.25
5,ZONE_5,56,SPRING_B335,SPRING,335.0,baseline,expected_open_sky_weighted_hours,4.589285714285714,4.75,4.25,4.75,4.25,4.75
5,ZONE_5,56,SPRING_B335,SPRING,335.0,baseline,deterministic_dappled_pattern_hours,4.589285714285714,4.5,4.25,5.0,4.0,5.0
5,ZONE_5,56,SPRING_B335,SPRING,335.0,likely,expected_open_sky_weighted_hours,4.179464285714286,4.25,3.7499999999999996,4.500000000000001,3.7499999999999996,4.500000000000001
5,ZONE_5,56,SPRING_B335,SPRING,335.0,likely,deterministic_dappled_pattern_hours,4.174107142857143,4.25,3.75,4.75,3.25,5.0
5,ZONE_5,56,SPRING_B335,SPRING,335.0,conservative,expected_open_sky_weighted_hours,3.7749999999999995,3.8374999999999995,3.3374999999999995,4.0874999999999995,3.3374999999999995,4.0874999999999995
5,ZONE_5,56,SPRING_B335,SPRING,335.0,conservative,deterministic_dappled_pattern_hours,3.78125,3.75,3.25,4.25,3.25,4.5
6,ZONE_6,1025,SPRING_B335,SPRING,335.0,baseline,expected_open_sky_weighted_hours,5.473719512195122,5.375,3.5,7.375,2.5,7.6875
6,ZONE_6,1025,SPRING_B335,SPRING,335.0,baseline,deterministic_dappled_pattern_hours,5.471707317073171,5.25,3.5,7.25,2.5,7.75
6,ZONE_6,1025,SPRING_B335,SPRING,335.0,likely,expected_open_sky_weighted_hours,5.3107804878048785,5.2,3.3499999999999996,7.1,2.5,7.45
6,ZONE_6,1025,SPRING_B335,SPRING,335.0,likely,deterministic_dappled_pattern_hours,5.304878048780488,5.25,3.25,7.0,2.5,7.5
6,ZONE_6,1025,SPRING_B335,SPRING,335.0,conservative,expected_open_sky_weighted_hours,4.6430487804878044,4.5,3.1125,6.0125,2.5,6.375
6,ZONE_6,1025,SPRING_B335,SPRING,335.0,conservative,deterministic_dappled_pattern_hours,4.635121951219512,4.5,3.0,6.25,2.5,7.0
7,ZONE_7,425,SPRING_B335,SPRING,335.0,baseline,expected_open_sky_weighted_hours,3.6855882352941176,4.25,0.0,6.25,0.0,6.5
7,ZONE_7,425,SPRING_B335,SPRING,335.0,baseline,deterministic_dappled_pattern_hours,3.6805882352941177,4.25,0.0,6.25,0.0,6.75
7,ZONE_7,425,SPRING_B335,SPRING,335.0,likely,expected_open_sky_weighted_hours,3.55164705882353,4.1,0.0,6.100000000000001,0.0,6.350000000000001
7,ZONE_7,425,SPRING_B335,SPRING,335.0,likely,deterministic_dappled_pattern_hours,3.538235294117647,4.0,0.0,6.0,0.0,6.75
7,ZONE_7,425,SPRING_B335,SPRING,335.0,conservative,expected_open_sky_weighted_hours,3.243176470588235,3.8374999999999995,0.0,5.425,0.0,5.5375
7,ZONE_7,425,SPRING_B335,SPRING,335.0,conservative,deterministic_dappled_pattern_hours,3.2335294117647058,3.75,0.0,5.5,0.0,6.25
1,ZONE_1,2406,SUMMER_B325,SUMMER,325.0,baseline,expected_open_sky_weighted_hours,8.635936201163757,8.75,7.125,9.6875,3.25,10.3125
1,ZONE_1,2406,SUMMER_B325,SUMMER,325.0,baseline,deterministic_dappled_pattern_hours,8.637261014131338,9.0,7.0,9.75,3.25,10.5
1,ZONE_1,2406,SUMMER_B325,SUMMER,325.0,likely,expected_open_sky_weighted_hours,8.124459684123028,8.300000000000002,6.600000000000003,9.150000000000002,2.75,9.400000000000002
1,ZONE_1,2406,SUMMER_B325,SUMMER,325.0,likely,deterministic_dappled_pattern_hours,8.127285951787199,8.5,6.5,9.25,2.75,9.75
1,ZONE_1,2406,SUMMER_B325,SUMMER,325.0,conservative,expected_open_sky_weighted_hours,7.600181837073983,7.8625,6.124999999999998,8.537500000000003,2.5,8.650000000000004
1,ZONE_1,2406,SUMMER_B325,SUMMER,325.0,conservative,deterministic_dappled_pattern_hours,7.6105569409808815,7.75,6.0,8.75,2.5,9.5
2,ZONE_2,288,SUMMER_B325,SUMMER,325.0,baseline,expected_open_sky_weighted_hours,6.121527777777778,6.25,4.675000000000001,7.5,3.0,8.25
2,ZONE_2,288,SUMMER_B325,SUMMER,325.0,baseline,deterministic_dappled_pattern_hours,6.121527777777778,6.25,4.675000000000001,7.5,3.0,8.25
2,ZONE_2,288,SUMMER_B325,SUMMER,325.0,likely,expected_open_sky_weighted_hours,5.621527777777778,5.75,4.175000000000001,7.0,2.5,7.75
2,ZONE_2,288,SUMMER_B325,SUMMER,325.0,likely,deterministic_dappled_pattern_hours,5.621527777777778,5.75,4.175000000000001,7.0,2.5,7.75
2,ZONE_2,288,SUMMER_B325,SUMMER,325.0,conservative,expected_open_sky_weighted_hours,5.353862847222222,5.5,3.9250000000000007,6.75,2.25,7.3625
2,ZONE_2,288,SUMMER_B325,SUMMER,325.0,conservative,deterministic_dappled_pattern_hours,5.352430555555555,5.5,3.9250000000000007,6.75,2.25,7.5
3,ZONE_3,388,SUMMER_B325,SUMMER,325.0,baseline,expected_open_sky_weighted_hours,6.207796391752577,6.15625,4.875,7.4375,4.6875,8.6875
3,ZONE_3,388,SUMMER_B325,SUMMER,325.0,baseline,deterministic_dappled_pattern_hours,6.186211340206185,6.25,5.0,7.5,4.25,9.0
3,ZONE_3,388,SUMMER_B325,SUMMER,325.0,likely,expected_open_sky_weighted_hours,5.6880154639175275,5.650000000000003,4.3500000000000005,6.950000000000003,4.2,8.200000000000003
3,ZONE_3,388,SUMMER_B325,SUMMER,325.0,likely,deterministic_dappled_pattern_hours,5.665592783505154,5.75,4.25,7.0,3.5,9.0
3,ZONE_3,388,SUMMER_B325,SUMMER,325.0,conservative,expected_open_sky_weighted_hours,4.983891752577318,4.999999999999998,3.6249999999999982,6.374999999999998,3.6249999999999982,7.624999999999998
3,ZONE_3,388,SUMMER_B325,SUMMER,325.0,conservative,deterministic_dappled_pattern_hours,4.950386597938144,5.0,3.5,6.5,3.0,8.5
4,ZONE_4,632,SUMMER_B325,SUMMER,325.0,baseline,expected_open_sky_weighted_hours,5.654865506329114,6.0,2.75,7.974999999999994,0.0,9.25
4,ZONE_4,632,SUMMER_B325,SUMMER,325.0,baseline,deterministic_dappled_pattern_hours,5.65625,6.0,2.75,7.974999999999994,0.0,9.25
4,ZONE_4,632,SUMMER_B325,SUMMER,325.0,likely,expected_open_sky_weighted_hours,5.3912183544303796,5.500000000000001,2.75,7.474999999999994,0.0,8.65
4,ZONE_4,632,SUMMER_B325,SUMMER,325.0,likely,deterministic_dappled_pattern_hours,5.390822784810126,5.5,2.75,7.474999999999994,0.0,8.75
4,ZONE_4,632,SUMMER_B325,SUMMER,325.0,conservative,expected_open_sky_weighted_hours,5.198239715189874,5.38125,2.75,7.224999999999994,0.0,8.0875
4,ZONE_4,632,SUMMER_B325,SUMMER,325.0,conservative,deterministic_dappled_pattern_hours,5.1981803797468356,5.5,2.75,7.224999999999994,0.0,8.25
5,ZONE_5,56,SUMMER_B325,SUMMER,325.0,baseline,expected_open_sky_weighted_hours,6.1875,6.3125,5.8125,6.3125,5.8125,6.3125
5,ZONE_5,56,SUMMER_B325,SUMMER,325.0,baseline,deterministic_dappled_pattern_hours,6.232142857142857,6.25,5.75,6.75,5.25,6.75
5,ZONE_5,56,SUMMER_B325,SUMMER,325.0,likely,expected_open_sky_weighted_hours,5.500000000000003,5.6250000000000036,5.000000000000002,5.7500000000000036,5.000000000000002,5.7500000000000036
5,ZONE_5,56,SUMMER_B325,SUMMER,325.0,likely,deterministic_dappled_pattern_hours,5.580357142857143,5.5,5.0,6.25,4.75,6.5
5,ZONE_5,56,SUMMER_B325,SUMMER,325.0,conservative,expected_open_sky_weighted_hours,4.624999999999998,4.749999999999998,4.124999999999998,4.874999999999998,4.124999999999998,4.874999999999998
5,ZONE_5,56,SUMMER_B325,SUMMER,325.0,conservative,deterministic_dappled_pattern_hours,4.638392857142857,4.75,4.25,5.25,3.5,5.5
6,ZONE_6,1025,SUMMER_B325,SUMMER,325.0,baseline,expected_open_sky_weighted_hours,4.756707317073171,4.5,3.0,6.8125,1.625,10.0
6,ZONE_6,1025,SUMMER_B325,SUMMER,325.0,baseline,deterministic_dappled_pattern_hours,4.758536585365854,4.5,3.0,6.75,1.5,10.0
6,ZONE_6,1025,SUMMER_B325,SUMMER,325.0,likely,expected_open_sky_weighted_hours,4.176,4.0,2.5,6.150000000000002,1.5,9.050000000000002
6,ZONE_6,1025,SUMMER_B325,SUMMER,325.0,likely,deterministic_dappled_pattern_hours,4.181707317073171,4.0,2.5,6.25,1.5,9.5
6,ZONE_6,1025,SUMMER_B325,SUMMER,325.0,conservative,expected_open_sky_weighted_hours,3.7820609756097556,3.674999999999999,2.25,5.537499999999999,1.225,8.262500000000001
6,ZONE_6,1025,SUMMER_B325,SUMMER,325.0,conservative,deterministic_dappled_pattern_hours,3.788048780487805,3.5,2.25,5.5,1.25,9.0
7,ZONE_7,425,SUMMER_B325,SUMMER,325.0,baseline,expected_open_sky_weighted_hours,4.555441176470588,5.375,0.0,7.6875,0.0,8.9375
7,ZONE_7,425,SUMMER_B325,SUMMER,325.0,baseline,deterministic_dappled_pattern_hours,4.5588235294117645,5.25,0.0,7.75,0.0,9.25
7,ZONE_7,425,SUMMER_B325,SUMMER,325.0,likely,expected_open_sky_weighted_hours,4.204588235294119,4.850000000000001,0.0,7.200000000000003,0.0,8.200000000000003
7,ZONE_7,425,SUMMER_B325,SUMMER,325.0,likely,deterministic_dappled_pattern_hours,4.2176470588235295,4.75,0.0,7.25,0.0,8.75
7,ZONE_7,425,SUMMER_B325,SUMMER,325.0,conservative,expected_open_sky_weighted_hours,3.867029411764705,4.312499999999999,0.0,6.624999999999998,0.0,7.624999999999998
7,ZONE_7,425,SUMMER_B325,SUMMER,325.0,conservative,deterministic_dappled_pattern_hours,3.874705882352941,4.5,0.0,6.75,0.0,8.25
1,ZONE_1,2406,SUMMER_B330,SUMMER,330.0,baseline,expected_open_sky_weighted_hours,8.562370116375728,8.8125,7.25,9.5,3.25,10.0
1,ZONE_1,2406,SUMMER_B330,SUMMER,330.0,baseline,deterministic_dappled_pattern_hours,8.559123025768912,9.0,7.25,9.5,3.25,10.0
1,ZONE_1,2406,SUMMER_B330,SUMMER,330.0,likely,expected_open_sky_weighted_hours,8.166874480465504,8.5,6.75,9.05,3.0,9.350000000000001
1,ZONE_1,2406,SUMMER_B330,SUMMER,330.0,likely,deterministic_dappled_pattern_hours,8.162510390689942,8.5,6.75,9.25,3.0,9.75
1,ZONE_1,2406,SUMMER_B330,SUMMER,330.0,conservative,expected_open_sky_weighted_hours,7.444830631753948,7.725,6.0,8.287500000000001,2.5,8.400000000000002
1,ZONE_1,2406,SUMMER_B330,SUMMER,330.0,conservative,deterministic_dappled_pattern_hours,7.433811305070657,7.75,6.0,8.5,2.5,9.5
2,ZONE_2,288,SUMMER_B330,SUMMER,330.0,baseline,expected_open_sky_weighted_hours,6.227430555555555,6.25,4.675000000000001,7.75,3.0,8.5
2,ZONE_2,288,SUMMER_B330,SUMMER,330.0,baseline,deterministic_dappled_pattern_hours,6.227430555555555,6.25,4.675000000000001,7.75,3.0,8.5
2,ZONE_2,288,SUMMER_B330,SUMMER,330.0,likely,expected_open_sky_weighted_hours,5.977430555555555,6.0,4.425000000000001,7.5,2.75,8.25
2,ZONE_2,288,SUMMER_B330,SUMMER,330.0,likely,deterministic_dappled_pattern_hours,5.977430555555555,6.0,4.425000000000001,7.5,2.75,8.25
2,ZONE_2,288,SUMMER_B330,SUMMER,330.0,conservative,expected_open_sky_weighted_hours,5.444487847222223,5.5,3.9250000000000007,6.8625,2.25,7.3625
2,ZONE_2,288,SUMMER_B330,SUMMER,330.0,conservative,deterministic_dappled_pattern_hours,5.447048611111111,5.5,3.9250000000000007,7.0,2.25,7.5
3,ZONE_3,388,SUMMER_B330,SUMMER,330.0,baseline,expected_open_sky_weighted_hours,6.248228092783505,6.3125,4.9375,7.5,4.9375,8.5
3,ZONE_3,388,SUMMER_B330,SUMMER,330.0,baseline,deterministic_dappled_pattern_hours,6.237757731958763,6.25,5.0,7.5,4.25,8.5
3,ZONE_3,388,SUMMER_B330,SUMMER,330.0,likely,expected_open_sky_weighted_hours,5.668556701030931,5.725000000000003,4.3500000000000005,6.950000000000003,4.3500000000000005,7.950000000000003
3,ZONE_3,388,SUMMER_B330,SUMMER,330.0,likely,deterministic_dappled_pattern_hours,5.64819587628866,5.75,4.25,7.0,3.5,8.25
3,ZONE_3,388,SUMMER_B330,SUMMER,330.0,conservative,expected_open_sky_weighted_hours,4.837081185567008,4.862499999999998,3.487499999999998,6.237499999999998,3.487499999999998,7.237499999999998
3,ZONE_3,388,SUMMER_B330,SUMMER,330.0,conservative,deterministic_dappled_pattern_hours,4.827963917525773,4.75,3.5,6.25,2.25,7.75
4,ZONE_4,632,SUMMER_B330,SUMMER,330.0,baseline,expected_open_sky_weighted_hours,5.735759493670886,6.0,2.7750000000000004,8.224999999999994,0.0,9.25
4,ZONE_4,632,SUMMER_B330,SUMMER,330.0,baseline,deterministic_dappled_pattern_hours,5.728639240506329,6.0,2.7750000000000004,8.224999999999994,0.0,9.25
4,ZONE_4,632,SUMMER_B330,SUMMER,330.0,likely,expected_open_sky_weighted_hours,5.580142405063291,5.75,2.7750000000000004,8.0,0.0,9.05
4,ZONE_4,632,SUMMER_B330,SUMMER,330.0,likely,deterministic_dappled_pattern_hours,5.569224683544304,5.75,2.7750000000000004,8.0,0.0,9.25
4,ZONE_4,632,SUMMER_B330,SUMMER,330.0,conservative,expected_open_sky_weighted_hours,5.215486550632911,5.493749999999999,2.75,7.5,0.0,8.0625
4,ZONE_4,632,SUMMER_B330,SUMMER,330.0,conservative,deterministic_dappled_pattern_hours,5.198575949367089,5.5,2.75,7.5,0.0,8.5
5,ZONE_5,56,SUMMER_B330,SUMMER,330.0,baseline,expected_open_sky_weighted_hours,6.25,6.3125,5.9375,6.4375,5.9375,6.4375
5,ZONE_5,56,SUMMER_B330,SUMMER,330.0,baseline,deterministic_dappled_pattern_hours,6.205357142857143,6.25,6.0,6.5,5.5,6.75
5,ZONE_5,56,SUMMER_B330,SUMMER,330.0,likely,expected_open_sky_weighted_hours,5.462500000000003,5.550000000000003,5.000000000000002,5.7500000000000036,5.000000000000002,5.7500000000000036
5,ZONE_5,56,SUMMER_B330,SUMMER,330.0,likely,deterministic_dappled_pattern_hours,5.455357142857143,5.5,4.875,6.0,4.5,6.25
5,ZONE_5,56,SUMMER_B330,SUMMER,330.0,conservative,expected_open_sky_weighted_hours,4.487499999999998,4.612499999999998,3.987499999999998,4.737499999999998,3.987499999999998,4.737499999999998
5,ZONE_5,56,SUMMER_B330,SUMMER,330.0,conservative,deterministic_dappled_pattern_hours,4.482142857142857,4.5,4.0,5.0,3.5,5.25
6,ZONE_6,1025,SUMMER_B330,SUMMER,330.0,baseline,expected_open_sky_weighted_hours,4.5339634146341465,4.25,2.75,6.75,1.4375,9.125
6,ZONE_6,1025,SUMMER_B330,SUMMER,330.0,baseline,deterministic_dappled_pattern_hours,4.537073170731707,4.25,2.75,6.75,1.25,9.25
6,ZONE_6,1025,SUMMER_B330,SUMMER,330.0,likely,expected_open_sky_weighted_hours,4.175121951219512,4.0,2.5,6.230000000000002,1.4,8.550000000000002
6,ZONE_6,1025,SUMMER_B330,SUMMER,330.0,likely,deterministic_dappled_pattern_hours,4.1763414634146345,4.0,2.5,6.25,1.25,9.0
6,ZONE_6,1025,SUMMER_B330,SUMMER,330.0,conservative,expected_open_sky_weighted_hours,3.555963414634146,3.3625,2.0,5.414999999999999,1.0,7.874999999999998
6,ZONE_6,1025,SUMMER_B330,SUMMER,330.0,conservative,deterministic_dappled_pattern_hours,3.5570731707317074,3.25,2.0,5.5,1.0,8.25
7,ZONE_7,425,SUMMER_B330,SUMMER,330.0,baseline,expected_open_sky_weighted_hours,4.124705882352941,4.5,0.0,7.5,0.0,8.5
7,ZONE_7,425,SUMMER_B330,SUMMER,330.0,baseline,deterministic_dappled_pattern_hours,4.125294117647059,4.5,0.0,7.5,0.0,8.75
7,ZONE_7,425,SUMMER_B330,SUMMER,330.0,likely,expected_open_sky_weighted_hours,3.873764705882354,4.300000000000001,0.0,6.950000000000003,0.0,7.950000000000003
7,ZONE_7,425,SUMMER_B330,SUMMER,330.0,likely,deterministic_dappled_pattern_hours,3.8658823529411763,4.25,0.0,7.0,0.0,8.5
7,ZONE_7,425,SUMMER_B330,SUMMER,330.0,conservative,expected_open_sky_weighted_hours,3.5212058823529406,3.9749999999999996,0.0,6.25,0.0,7.25
7,ZONE_7,425,SUMMER_B330,SUMMER,330.0,conservative,deterministic_dappled_pattern_hours,3.501764705882353,3.75,0.0,6.25,0.0,8.0
1,ZONE_1,2406,SUMMER_B335,SUMMER,335.0,baseline,expected_open_sky_weighted_hours,8.436331047381547,8.75,7.25,9.25,3.25,9.5
1,ZONE_1,2406,SUMMER_B335,SUMMER,335.0,baseline,deterministic_dappled_pattern_hours,8.435785536159601,8.75,7.0,9.25,3.25,9.5
1,ZONE_1,2406,SUMMER_B335,SUMMER,335.0,likely,expected_open_sky_weighted_hours,8.096986699916876,8.400000000000002,6.700000000000003,8.850000000000001,3.0,8.950000000000001
1,ZONE_1,2406,SUMMER_B335,SUMMER,335.0,likely,deterministic_dappled_pattern_hours,8.094451371571072,8.5,6.75,9.0,3.0,9.25
1,ZONE_1,2406,SUMMER_B335,SUMMER,335.0,conservative,expected_open_sky_weighted_hours,7.602826267664174,7.868749999999999,6.237499999999998,8.3625,3.0,8.475000000000001
1,ZONE_1,2406,SUMMER_B335,SUMMER,335.0,conservative,deterministic_dappled_pattern_hours,7.596113881961762,7.75,6.25,8.5,3.0,9.25
2,ZONE_2,288,SUMMER_B335,SUMMER,335.0,baseline,expected_open_sky_weighted_hours,6.578993055555555,6.75,4.925000000000001,8.25,3.0,8.75
2,ZONE_2,288,SUMMER_B335,SUMMER,335.0,baseline,deterministic_dappled_pattern_hours,6.578993055555555,6.75,4.925000000000001,8.25,3.0,8.75
2,ZONE_2,288,SUMMER_B335,SUMMER,335.0,likely,expected_open_sky_weighted_hours,6.328993055555555,6.5,4.675000000000001,8.0,2.75,8.5
2,ZONE_2,288,SUMMER_B335,SUMMER,335.0,likely,deterministic_dappled_pattern_hours,6.328993055555555,6.5,4.675000000000001,8.0,2.75,8.5
2,ZONE_2,288,SUMMER_B335,SUMMER,335.0,conservative,expected_open_sky_weighted_hours,6.299392361111111,6.5,4.675000000000001,7.783750000000001,2.75,8.3625
2,ZONE_2,288,SUMMER_B335,SUMMER,335.0,conservative,deterministic_dappled_pattern_hours,6.298611111111111,6.5,4.675000000000001,7.75,2.75,8.5
3,ZONE_3,388,SUMMER_B335,SUMMER,335.0,baseline,expected_open_sky_weighted_hours,6.291720360824742,6.3125,5.1875,7.25,5.1875,8.3125
3,ZONE_3,388,SUMMER_B335,SUMMER,335.0,baseline,deterministic_dappled_pattern_hours,6.303479381443299,6.25,5.25,7.5,4.5,8.5
3,ZONE_3,388,SUMMER_B335,SUMMER,335.0,likely,expected_open_sky_weighted_hours,5.71494845360825,5.725000000000003,4.6000000000000005,6.700000000000003,4.6000000000000005,7.8000000000000025
3,ZONE_3,388,SUMMER_B335,SUMMER,335.0,likely,deterministic_dappled_pattern_hours,5.718427835051546,5.75,4.5,6.75,3.5,8.25
3,ZONE_3,388,SUMMER_B335,SUMMER,335.0,conservative,expected_open_sky_weighted_hours,4.9756765463917505,4.974999999999998,3.849999999999998,5.987499999999998,3.849999999999998,7.124999999999998
3,ZONE_3,388,SUMMER_B335,SUMMER,335.0,conservative,deterministic_dappled_pattern_hours,5.013530927835052,5.0,3.75,6.25,2.5,8.0
4,ZONE_4,632,SUMMER_B335,SUMMER,335.0,baseline,expected_open_sky_weighted_hours,5.916633702531645,6.25,3.0,8.25,0.0,9.25
4,ZONE_4,632,SUMMER_B335,SUMMER,335.0,baseline,deterministic_dappled_pattern_hours,5.913370253164557,6.25,3.0,8.25,0.0,9.25
4,ZONE_4,632,SUMMER_B335,SUMMER,335.0,likely,expected_open_sky_weighted_hours,5.792563291139241,6.0,3.0,8.25,0.0,8.950000000000001
4,ZONE_4,632,SUMMER_B335,SUMMER,335.0,likely,deterministic_dappled_pattern_hours,5.780458860759493,6.0,3.0,8.25,0.0,9.0
4,ZONE_4,632,SUMMER_B335,SUMMER,335.0,conservative,expected_open_sky_weighted_hours,5.617919303797468,5.968749999999998,3.0,8.200000000000001,0.0,8.450000000000003
4,ZONE_4,632,SUMMER_B335,SUMMER,335.0,conservative,deterministic_dappled_pattern_hours,5.609572784810126,5.875,3.0,8.0,0.0,8.75
5,ZONE_5,56,SUMMER_B335,SUMMER,335.0,baseline,expected_open_sky_weighted_hours,6.25,6.3125,5.9375,6.4375,5.9375,6.4375
5,ZONE_5,56,SUMMER_B335,SUMMER,335.0,baseline,deterministic_dappled_pattern_hours,6.294642857142857,6.25,6.0,6.75,5.75,6.75
5,ZONE_5,56,SUMMER_B335,SUMMER,335.0,likely,expected_open_sky_weighted_hours,5.587500000000003,5.675000000000003,5.250000000000002,5.7500000000000036,5.250000000000002,5.7500000000000036
5,ZONE_5,56,SUMMER_B335,SUMMER,335.0,likely,deterministic_dappled_pattern_hours,5.642857142857143,5.75,5.25,6.0,4.75,6.5
5,ZONE_5,56,SUMMER_B335,SUMMER,335.0,conservative,expected_open_sky_weighted_hours,4.599999999999999,4.724999999999998,4.099999999999998,4.849999999999998,4.099999999999998,4.849999999999998
5,ZONE_5,56,SUMMER_B335,SUMMER,335.0,conservative,deterministic_dappled_pattern_hours,4.633928571428571,4.5,4.0,5.25,3.25,5.75
6,ZONE_6,1025,SUMMER_B335,SUMMER,335.0,baseline,expected_open_sky_weighted_hours,4.502378048780487,4.25,2.75,6.5625,1.625,9.0625
6,ZONE_6,1025,SUMMER_B335,SUMMER,335.0,baseline,deterministic_dappled_pattern_hours,4.50390243902439,4.25,2.75,6.5,1.75,9.0
6,ZONE_6,1025,SUMMER_B335,SUMMER,335.0,likely,expected_open_sky_weighted_hours,4.165609756097561,3.9499999999999997,2.5,6.0500000000000025,1.5499999999999998,8.550000000000002
6,ZONE_6,1025,SUMMER_B335,SUMMER,335.0,likely,deterministic_dappled_pattern_hours,4.155853658536586,4.0,2.5,6.25,1.5,8.75
6,ZONE_6,1025,SUMMER_B335,SUMMER,335.0,conservative,expected_open_sky_weighted_hours,3.9874999999999994,3.75,2.4749999999999996,5.777499999999999,1.475,7.874999999999998
6,ZONE_6,1025,SUMMER_B335,SUMMER,335.0,conservative,deterministic_dappled_pattern_hours,3.997560975609756,3.75,2.5,5.75,1.5,8.5
7,ZONE_7,425,SUMMER_B335,SUMMER,335.0,baseline,expected_open_sky_weighted_hours,3.829264705882353,3.9375,0.0,7.25,0.0,8.3125
7,ZONE_7,425,SUMMER_B335,SUMMER,335.0,baseline,deterministic_dappled_pattern_hours,3.8464705882352943,4.0,0.0,7.25,0.0,8.5
7,ZONE_7,425,SUMMER_B335,SUMMER,335.0,likely,expected_open_sky_weighted_hours,3.6297647058823537,3.9,0.0,6.700000000000003,0.0,7.8000000000000025
7,ZONE_7,425,SUMMER_B335,SUMMER,335.0,likely,deterministic_dappled_pattern_hours,3.663529411764706,4.0,0.0,6.75,0.0,8.25
7,ZONE_7,425,SUMMER_B335,SUMMER,335.0,conservative,expected_open_sky_weighted_hours,3.435088235294117,3.8625,0.0,6.244999999999999,0.0,7.5
7,ZONE_7,425,SUMMER_B335,SUMMER,335.0,conservative,deterministic_dappled_pattern_hours,3.4605882352941175,3.75,0.0,6.25,0.0,8.0
